iter	Logloss
0	0.5657232189
1	0.5002142092
2	0.4523619824
3	0.4251243992
4	0.402621417
5	0.3880503089
