iter	Logloss
0	0.5647330583
1	0.4940476265
2	0.4554309723
3	0.426833071
4	0.4066244558
5	0.3887722196
