iter	Logloss
0	0.6786887643
1	0.6607733397
2	0.6446032542
3	0.6308372801
4	0.6187816223
5	0.6095318188
6	0.6014170028
7	0.5922460201
8	0.5829999383
9	0.5775521
10	0.5702319555
11	0.5651504458
12	0.5580431016
13	0.5513824345
14	0.5471457798
15	0.5424799203
16	0.5372712474
17	0.5339902356
18	0.5303830501
19	0.5263970391
20	0.5225631067
21	0.5187954199
22	0.5160477409
23	0.5117264284
24	0.5094592348
25	0.5063401346
26	0.5032875933
27	0.5000973115
