iter	Logloss
0	0.6670246247
1	0.6453439421
2	0.6248227708
3	0.6096980397
4	0.5928112809
5	0.5805811362
6	0.5703943373
7	0.5583232836
8	0.5466900925
9	0.5363566603
10	0.5221373493
11	0.5047165916
12	0.4975502102
13	0.4926631276
14	0.487241341
15	0.4813995557
16	0.4767126198
17	0.4718899806
18	0.4677161632
19	0.4639796207
20	0.4582935965
21	0.454887968
22	0.4450364315
23	0.441062369
24	0.4380298854
25	0.4337472389
26	0.4262958962
27	0.4227347025
